{
  "name": "chat-images",
  "title": "Chat Images",
  "description": "An extension that let's you easily use images in the chat.",
  "version": "1.1.3",
  "author": "Marian",
  "esmodules": ["chat-images.js"],
  "styles": ["chat-images.css"],
  "minimumCoreVersion": "0.6.2",
  "compatibleCoreVersion": "0.6.5",
  "url": "https://github.com/bmarian/chat-images",
  "manifest": "https://raw.githubusercontent.com/bmarian/chat-images/master/src/module.json",
  "download": "https://github.com/bmarian/chat-images/raw/master/package/chat-images-v1.1.3.zip",
  "changelog": "https://github.com/bmarian/chat-images/releases"
}